run,split,feature,strategy_C2,strategy,bins_used,bins_used_C2,bins_used_delta_vs_C2,used_bin_ratio,used_bin_ratio_C2,used_bin_ratio_delta_vs_C2,dominant_bin_ratio,dominant_bin_ratio_C2,dominant_bin_ratio_delta_vs_C2,rare_used_bin_ratio_le5,rare_used_bin_ratio_le5_C2,rare_used_bin_ratio_le5_delta_vs_C2,rare_cell_ratio_trainref_le5,rare_cell_ratio_trainref_le5_C2,rare_cell_ratio_trainref_le5_delta_vs_C2,unseen_cell_ratio_trainref,unseen_cell_ratio_trainref_C2,unseen_cell_ratio_trainref_delta_vs_C2,entropy_norm,entropy_norm_C2,entropy_norm_delta_vs_C2,compression_factor,compression_factor_C2,compression_factor_delta_vs_C2,offset_nonzero_ratio,offset_nonzero_ratio_C2,offset_nonzero_ratio_delta_vs_C2,offset_std,offset_std_C2,offset_std_delta_vs_C2
K1024_ABS_CONTROL,train,dlllist.ndlls,keep_current,unknown,787,512,275,0.7685546875,1.0,-0.2314453125,0.038783172625650654,0.028351395170236368,0.010431777455414286,0.33672172808132145,0.130859375,0.20586235308132145,0.013354381773188838,0.0059518730267087636,0.007402508746480074,0.0,0.0,0.0,0.8282982084204537,0.8525194789024727,-0.024221270482019053,59.56289707750953,91.5546875,-31.991790422490467,0.9999573342435362,0.9999786671217681,-2.1332878231916652e-05,0.28895074129104614,0.28996628522872925,-0.0010155439376831055
K1024_ABS_CONTROL,train,handles.nthread,keep_current,unknown,746,512,234,0.728515625,1.0,-0.271484375,0.012522399522143528,0.016554313507978497,-0.004031913985834969,0.24128686327077747,0.166015625,0.07527123827077747,0.00870381431862787,0.005823875757317177,0.0028799385613106927,0.0,0.0,0.0,0.8879059701383881,0.8934861158109448,-0.005580145672556713,62.83646112600536,91.5546875,-28.71822637399464,0.9994240122877378,0.9980373752026623,0.0013866370850754706,0.2881649136543274,0.2878555655479431,0.00030934810638427734
K1024_ABS_CONTROL,train,handles.nevent,keep_current,unknown,655,493,162,0.6396484375,0.962890625,-0.3232421875,0.02818073214438092,0.004629234576329039,0.02355149756805188,0.29770992366412213,0.0,0.29770992366412213,0.010303780186022697,0.0,0.010303780186022697,0.0,0.0,0.0,0.8428843942005663,0.9947520106426578,-0.15186761644209157,71.56641221374046,95.08316430020284,-23.516752086462375,0.9999573342435362,0.5374818670535029,0.4624754671900333,0.2884461581707001,0.2939316928386688,-0.00548553466796875
K1024_ABS_CONTROL,train,pslist.avg_threads,rank_uniform_offset,unknown,648,512,136,0.6328125,1.0,-0.3671875,0.012842392695622493,0.03716187388002389,-0.0243194811844014,0.4228395061728395,0.0,0.4228395061728395,0.01173308302756208,0.0,0.01173308302756208,0.0,0.0,0.0,0.8742688144939977,0.883099511072012,-0.008830696578014274,72.3395061728395,91.5546875,-19.215181327160494,0.9999573342435362,0.9999786671217681,-2.1332878231916652e-05,0.2895022928714752,0.28935307264328003,0.00014922022819519043
K1024_ABS_CONTROL,train,dlllist.avg_dlls_per_proc,rank_uniform_offset,unknown,624,512,112,0.609375,1.0,-0.390625,0.03571123816025258,0.04057513439713286,-0.004863896236880279,0.3894230769230769,0.0,0.3894230769230769,0.009834456864920215,0.0,0.009834456864920215,0.0,0.0,0.0,0.8280985256850129,0.8727011258819214,-0.04460260019690854,75.12179487179488,91.5546875,-16.432892628205124,0.9999573342435362,0.9999786671217681,-2.1332878231916652e-05,0.2877393662929535,0.27774614095687866,0.009993225336074829
K1024_ABS_CONTROL,train,handles.nsemaphore,keep_current,unknown,624,512,112,0.609375,1.0,-0.390625,0.038164519156924655,0.03893250277327417,-0.000767983616349513,0.3189102564102564,0.26953125,0.04937900641025639,0.012949057086782149,0.009279802030890008,0.0036692550558921413,0.0,0.0,0.0,0.8012217111358376,0.7992274222335928,0.001994288902244845,75.12179487179488,91.5546875,-16.432892628205124,0.9999573342435362,0.9999786671217681,-2.1332878231916652e-05,0.29273900389671326,0.2876265347003937,0.00511246919631958
K1024_ABS_CONTROL,train,psxview.not_in_session_false_avg,rank_uniform_offset,unknown,607,512,95,0.5927734375,1.0,-0.4072265625,0.06811588019455585,0.06446795801689564,0.003647922177660204,0.3261943986820428,0.0,0.3261943986820428,0.009877122621384076,0.0,0.009877122621384076,0.0,0.0,0.0,0.7111152060239037,0.7579223476549959,-0.04680714163109223,77.22570016474465,91.5546875,-14.328987335255349,0.9999573342435362,0.9999573342435362,0.0,0.2711961567401886,0.2897352874279022,-0.018539130687713623
K1024_ABS_CONTROL,train,psxview.not_in_pslist_false_avg,rank_uniform_offset,unknown,569,512,57,0.5556640625,1.0,-0.4443359375,0.44681713456779587,0.4458144892908951,0.0010026452769007488,0.29701230228471004,0.0,0.29701230228471004,0.009151804761498421,0.0,0.009151804761498421,0.0,0.0,0.0,0.5420011677532909,0.5649092917914776,-0.02290812403818676,82.38312829525483,91.5546875,-9.171559204745165,0.5544841710043519,0.5544841710043519,0.0,0.30555459856987,0.29848596453666687,0.007068634033203125
K1024_ABS_CONTROL,train,psxview.not_in_deskthrd_false_avg,rank_uniform_offset,unknown,567,512,55,0.5537109375,1.0,-0.4462890625,0.06273999488010923,0.06139602355149757,0.001343971328611658,0.36860670194003525,0.0,0.36860670194003525,0.00851181841454049,0.0,0.00851181841454049,0.0,0.0,0.0,0.7270295878206029,0.7731383545067176,-0.046108766686114744,82.67372134038801,91.5546875,-8.880966159611987,0.9999573342435362,0.9938987968256677,0.006058537417868437,0.2745494544506073,0.2908897399902344,-0.016340285539627075
K1024_ABS_CONTROL,train,psxview.not_in_csrss_handles_false_avg,rank_uniform_offset,unknown,546,512,34,0.533203125,1.0,-0.466796875,0.06348664561822681,0.06188667975083198,0.0015999658673948314,0.38461538461538464,0.0,0.38461538461538464,0.008426486901612766,0.0,0.008426486901612766,0.0,0.0,0.0,0.7195701266236822,0.765277320469504,-0.04570719384582178,85.85347985347985,91.5546875,-5.701207646520146,0.9999573342435362,0.9999786671217681,-2.1332878231916652e-05,0.25251734256744385,0.2688877284526825,-0.016370385885238647
K1024_ABS_CONTROL,train,psxview.not_in_ethread_pool_false_avg,rank_uniform_offset,unknown,532,512,20,0.51953125,1.0,-0.48046875,0.3893250277327417,0.38785305913473844,0.0014719685980032482,0.41353383458646614,0.0,0.41353383458646614,0.008853144466251387,0.0,0.008853144466251387,0.0,0.0,0.0,0.5693216561328808,0.6078890526288423,-0.038567396495961526,88.11278195488721,91.5546875,-3.441905545112789,0.6124669340387405,0.6124882669169724,-2.1332878231916652e-05,0.3184119760990143,0.3390826880931854,-0.020670711994171143
K1024_ABS_CONTROL,train,handles.nkey,keep_current,unknown,522,512,10,0.509765625,1.0,-0.490234375,0.03426060244048127,0.030911340558068094,0.0033492618824131765,0.31226053639846746,0.2265625,0.08569803639846746,0.0063785305913473846,0.006911852547145661,-0.0005333219557982763,0.0,0.0,0.0,0.7966202496672807,0.8172767122869657,-0.020656462619685012,89.80076628352491,91.5546875,-1.7539212164750921,0.9999573342435362,0.9999786671217681,-2.1332878231916652e-05,0.28356465697288513,0.2983532249927521,-0.014788568019866943
K1024_ABS_CONTROL,train,handles.ndesktop,discrete_compact_offset0,unknown,60,60,0,0.05859375,0.1171875,-0.05859375,0.16539380493216144,0.16539380493216144,0.0,0.16666666666666666,0.16666666666666666,0.0,0.0003839918081747589,0.0003839918081747589,0.0,0.0,0.0,0.0,0.6624280875401419,0.6624280875401419,0.0,781.2666666666667,781.2666666666667,0.0,0.0,0.0,0.0,0.0,0.0,0.0
K1024_ABS_CONTROL,train,handles.ndirectory,discrete_compact_offset0,unknown,104,104,0,0.1015625,0.203125,-0.1015625,0.09985920300366925,0.09985920300366925,0.0,0.20192307692307693,0.20192307692307693,0.0,0.0010026452769007594,0.0010026452769007594,0.0,0.0,0.0,0.0,0.7041268139226854,0.7041268139226854,0.0,450.7307692307692,450.7307692307692,0.0,0.0,0.0,0.0,0.0,0.0,0.0
K1024_ABS_CONTROL,train,pslist.nppid,discrete_compact_offset0,unknown,48,48,0,0.046875,0.09375,-0.046875,0.28150866114856216,0.28150866114856216,0.0,0.5625,0.5625,0.0,0.0010026452769007594,0.0010026452769007594,0.0,0.0,0.0,0.0,0.5190073122926573,0.5190073122926573,0.0,976.5833333333334,976.5833333333334,0.0,0.0,0.0,0.0,0.0,0.0,0.0
K1024_ABS_CONTROL,train,pslist.nprocs64bit,constant,unknown,1,1,0,0.0009765625,0.001953125,-0.0009765625,1.0,1.0,0.0,0.0,0.0,0.0,0.0,0.0,0.0,0.0,0.0,0.0,-1.4428232973175177e-12,-1.4428232973175177e-12,0.0,46876.0,46876.0,0.0,0.0,1.0,-1.0,0.0,0.0,0.0
K1024_ABS_CONTROL,train,psxview.not_in_pslist,discrete_compact_offset0,unknown,40,40,0,0.0390625,0.078125,-0.0390625,0.4979307108115027,0.4979307108115027,0.0,0.225,0.225,0.0,0.0003839918081747589,0.0003839918081747589,0.0,0.0,0.0,0.0,0.48112950985662273,0.48112950985662273,0.0,1171.9,1171.9,0.0,0.0,0.0,0.0,0.0,0.0,0.0
K1024_ABS_CONTROL,train,ldrmodules.not_in_init,keep_current,unknown,180,180,0,0.17578125,0.3515625,-0.17578125,0.05107091048724294,0.05107091048724294,0.0,0.2111111111111111,0.2111111111111111,0.0,0.0020266234320334498,0.0020266234320334498,0.0,0.0,0.0,0.0,0.8092464216563752,0.8092464216563752,0.0,260.4222222222222,260.4222222222222,0.0,0.9686406689990613,0.9982080382285178,-0.029567369229456464,0.3081662654876709,0.2928016483783722,0.015364617109298706
K1024_ABS_CONTROL,train,psxview.not_in_eprocess_pool,discrete_compact_offset0,unknown,2,2,0,0.001953125,0.00390625,-0.001953125,0.9978027135421111,0.9978027135421111,0.0,0.0,0.0,0.0,0.0,0.0,0.0,0.0,0.0,0.0,0.02256870316578253,0.02256870316578253,0.0,23438.0,23438.0,0.0,0.0,0.0,0.0,0.0,0.0,0.0
K1024_ABS_CONTROL,train,malfind.ninjections,discrete_compact_offset0,unknown,111,111,0,0.1083984375,0.216796875,-0.1083984375,0.4242896151548767,0.4242896151548767,0.0,0.44144144144144143,0.44144144144144143,0.0,0.002367949483744347,0.002367949483744347,0.0,0.0,0.0,0.0,0.414439567232933,0.414439567232933,0.0,422.3063063063063,422.3063063063063,0.0,0.0,0.0,0.0,0.0,0.0,0.0
K1024_ABS_CONTROL,train,ldrmodules.not_in_mem,keep_current,unknown,145,145,0,0.1416015625,0.283203125,-0.1416015625,0.07059049406945986,0.07059049406945986,0.0,0.2,0.2,0.0,0.001599965867394829,0.001599965867394829,0.0,0.0,0.0,0.0,0.789586786756279,0.789586786756279,0.0,323.28275862068966,323.28275862068966,0.0,0.9999360013653043,0.9738032255311887,0.02613277583411555,0.2886137068271637,0.2882678210735321,0.0003458857536315918
K1024_ABS_CONTROL,train,psxview.not_in_csrss_handles,discrete_compact_offset0,unknown,78,78,0,0.076171875,0.15234375,-0.076171875,0.437494666780442,0.437494666780442,0.0,0.5384615384615384,0.5384615384615384,0.0,0.0014506357197713116,0.0014506357197713116,0.0,0.0,0.0,0.0,0.44227375658034435,0.44227375658034435,0.0,600.974358974359,600.974358974359,0.0,0.0,0.0,0.0,0.0,0.0,0.0
K1024_ABS_CONTROL,train,psxview.not_in_deskthrd,discrete_compact_offset0,unknown,82,82,0,0.080078125,0.16015625,-0.080078125,0.3869357453707654,0.3869357453707654,0.0,0.5121951219512195,0.5121951219512195,0.0,0.0013439713286116563,0.0013439713286116563,0.0,0.0,0.0,0.0,0.4825476873298571,0.4825476873298571,0.0,571.6585365853658,571.6585365853658,0.0,0.0,0.0,0.0,0.0,0.0,0.0
K1024_ABS_CONTROL,train,svcscan.kernel_drivers,discrete_compact_offset0,unknown,19,19,0,0.0185546875,0.037109375,-0.0185546875,0.4982080382285178,0.4982080382285178,0.0,0.631578947368421,0.631578947368421,0.0,0.0003413260517108968,0.0003413260517108968,0.0,0.0,0.0,0.0,0.28582173062486177,0.28582173062486177,0.0,2467.157894736842,2467.157894736842,0.0,0.0,0.0,0.0,0.0,0.0,0.0
K1024_ABS_CONTROL,train,psxview.not_in_pspcid_list,discrete_compact_offset0,unknown,40,40,0,0.0390625,0.078125,-0.0390625,0.4978667121768069,0.4978667121768069,0.0,0.225,0.225,0.0,0.00042665756463862106,0.00042665756463862106,0.0,0.0,0.0,0.0,0.4812722049435046,0.4812722049435046,0.0,1171.9,1171.9,0.0,0.0,0.0,0.0,0.0,0.0,0.0
K1024_ABS_CONTROL,train,psxview.not_in_ethread_pool,discrete_compact_offset0,unknown,78,78,0,0.076171875,0.15234375,-0.076171875,0.43839064766618313,0.43839064766618313,0.0,0.5384615384615384,0.5384615384615384,0.0,0.0014506357197713116,0.0014506357197713116,0.0,0.0,0.0,0.0,0.4418943899258692,0.4418943899258692,0.0,600.974358974359,600.974358974359,0.0,0.0,0.0,0.0,0.0,0.0,0.0
K1024_ABS_CONTROL,train,psxview.not_in_session,discrete_compact_offset0,unknown,40,40,0,0.0390625,0.078125,-0.0390625,0.49810137383735814,0.49810137383735814,0.0,0.225,0.225,0.0,0.0003839918081747589,0.0003839918081747589,0.0,0.0,0.0,0.0,0.4810606180111996,0.4810606180111996,0.0,1171.9,1171.9,0.0,0.0,0.0,0.0,0.0,0.0,0.0
K1024_ABS_CONTROL,train,handles.nport,constant,unknown,1,1,0,0.0009765625,0.001953125,-0.0009765625,1.0,1.0,0.0,0.0,0.0,0.0,0.0,0.0,0.0,0.0,0.0,0.0,-1.4428232973175177e-12,-1.4428232973175177e-12,0.0,46876.0,46876.0,0.0,0.0,1.0,-1.0,0.0,0.0,0.0
K1024_ABS_CONTROL,train,ldrmodules.not_in_load,keep_current,unknown,145,145,0,0.1416015625,0.283203125,-0.1416015625,0.07080382285177916,0.07080382285177916,0.0,0.2,0.2,0.0,0.001599965867394829,0.001599965867394829,0.0,0.0,0.0,0.0,0.7895089801002002,0.7895089801002002,0.0,323.28275862068966,323.28275862068966,0.0,0.9999360013653043,0.9738032255311887,0.02613277583411555,0.2886631488800049,0.2882986068725586,0.00036454200744628906
K1024_ABS_CONTROL,train,handles.nmutant,keep_current,unknown,405,405,0,0.3955078125,0.791015625,-0.3955078125,0.0551668231077737,0.0551668231077737,0.0,0.145679012345679,0.145679012345679,0.0,0.00243194811844014,0.00243194811844014,0.0,0.0,0.0,0.0,0.8406808847073096,0.8406808847073096,0.0,115.7432098765432,115.7432098765432,0.0,0.805380151890093,0.9999786671217681,-0.19459851523167504,0.2871685326099396,0.2746540307998657,0.012514501810073853
