run,split,feature,strategy_C2,strategy,bins_used,bins_used_C2,bins_used_delta_vs_C2,used_bin_ratio,used_bin_ratio_C2,used_bin_ratio_delta_vs_C2,dominant_bin_ratio,dominant_bin_ratio_C2,dominant_bin_ratio_delta_vs_C2,rare_used_bin_ratio_le5,rare_used_bin_ratio_le5_C2,rare_used_bin_ratio_le5_delta_vs_C2,rare_cell_ratio_trainref_le5,rare_cell_ratio_trainref_le5_C2,rare_cell_ratio_trainref_le5_delta_vs_C2,unseen_cell_ratio_trainref,unseen_cell_ratio_trainref_C2,unseen_cell_ratio_trainref_delta_vs_C2,entropy_norm,entropy_norm_C2,entropy_norm_delta_vs_C2,compression_factor,compression_factor_C2,compression_factor_delta_vs_C2,offset_nonzero_ratio,offset_nonzero_ratio_C2,offset_nonzero_ratio_delta_vs_C2,offset_std,offset_std_C2,offset_std_delta_vs_C2
K1024_ABS_CONTROL,train,pslist.avg_threads,rank_uniform_offset,unknown,648,512,136,0.6328125,1.0,-0.3671875,0.012842392695622493,0.03716187388002389,-0.0243194811844014,0.4228395061728395,0.0,0.4228395061728395,0.01173308302756208,0.0,0.01173308302756208,0.0,0.0,0.0,0.8742688144939977,0.883099511072012,-0.008830696578014274,72.3395061728395,91.5546875,-19.215181327160494,0.9999573342435362,0.9999786671217681,-2.1332878231916652e-05,0.2895022928714752,0.28935307264328003,0.00014922022819519043
K1024_ABS_CONTROL,train,handles.nevent,keep_current,unknown,655,493,162,0.6396484375,0.962890625,-0.3232421875,0.02818073214438092,0.004629234576329039,0.02355149756805188,0.29770992366412213,0.0,0.29770992366412213,0.010303780186022697,0.0,0.010303780186022697,0.0,0.0,0.0,0.8428843942005663,0.9947520106426578,-0.15186761644209157,71.56641221374046,95.08316430020284,-23.516752086462375,0.9999573342435362,0.5374818670535029,0.4624754671900333,0.2884461581707001,0.2939316928386688,-0.00548553466796875
K1024_ABS_CONTROL,train,psxview.not_in_session_false_avg,rank_uniform_offset,unknown,607,512,95,0.5927734375,1.0,-0.4072265625,0.06811588019455585,0.06446795801689564,0.003647922177660204,0.3261943986820428,0.0,0.3261943986820428,0.009877122621384076,0.0,0.009877122621384076,0.0,0.0,0.0,0.7111152060239037,0.7579223476549959,-0.04680714163109223,77.22570016474465,91.5546875,-14.328987335255349,0.9999573342435362,0.9999573342435362,0.0,0.2711961567401886,0.2897352874279022,-0.018539130687713623
K1024_ABS_CONTROL,train,dlllist.avg_dlls_per_proc,rank_uniform_offset,unknown,624,512,112,0.609375,1.0,-0.390625,0.03571123816025258,0.04057513439713286,-0.004863896236880279,0.3894230769230769,0.0,0.3894230769230769,0.009834456864920215,0.0,0.009834456864920215,0.0,0.0,0.0,0.8280985256850129,0.8727011258819214,-0.04460260019690854,75.12179487179488,91.5546875,-16.432892628205124,0.9999573342435362,0.9999786671217681,-2.1332878231916652e-05,0.2877393662929535,0.27774614095687866,0.009993225336074829
K1024_ABS_CONTROL,train,psxview.not_in_pslist_false_avg,rank_uniform_offset,unknown,569,512,57,0.5556640625,1.0,-0.4443359375,0.44681713456779587,0.4458144892908951,0.0010026452769007488,0.29701230228471004,0.0,0.29701230228471004,0.009151804761498421,0.0,0.009151804761498421,0.0,0.0,0.0,0.5420011677532909,0.5649092917914776,-0.02290812403818676,82.38312829525483,91.5546875,-9.171559204745165,0.5544841710043519,0.5544841710043519,0.0,0.30555459856987,0.29848596453666687,0.007068634033203125
K1024_ABS_CONTROL,train,psxview.not_in_ethread_pool_false_avg,rank_uniform_offset,unknown,532,512,20,0.51953125,1.0,-0.48046875,0.3893250277327417,0.38785305913473844,0.0014719685980032482,0.41353383458646614,0.0,0.41353383458646614,0.008853144466251387,0.0,0.008853144466251387,0.0,0.0,0.0,0.5693216561328808,0.6078890526288423,-0.038567396495961526,88.11278195488721,91.5546875,-3.441905545112789,0.6124669340387405,0.6124882669169724,-2.1332878231916652e-05,0.3184119760990143,0.3390826880931854,-0.020670711994171143
K1024_ABS_CONTROL,train,psxview.not_in_deskthrd_false_avg,rank_uniform_offset,unknown,567,512,55,0.5537109375,1.0,-0.4462890625,0.06273999488010923,0.06139602355149757,0.001343971328611658,0.36860670194003525,0.0,0.36860670194003525,0.00851181841454049,0.0,0.00851181841454049,0.0,0.0,0.0,0.7270295878206029,0.7731383545067176,-0.046108766686114744,82.67372134038801,91.5546875,-8.880966159611987,0.9999573342435362,0.9938987968256677,0.006058537417868437,0.2745494544506073,0.2908897399902344,-0.016340285539627075
K1024_ABS_CONTROL,train,psxview.not_in_csrss_handles_false_avg,rank_uniform_offset,unknown,546,512,34,0.533203125,1.0,-0.466796875,0.06348664561822681,0.06188667975083198,0.0015999658673948314,0.38461538461538464,0.0,0.38461538461538464,0.008426486901612766,0.0,0.008426486901612766,0.0,0.0,0.0,0.7195701266236822,0.765277320469504,-0.04570719384582178,85.85347985347985,91.5546875,-5.701207646520146,0.9999573342435362,0.9999786671217681,-2.1332878231916652e-05,0.25251734256744385,0.2688877284526825,-0.016370385885238647
K1024_ABS_CONTROL,train,dlllist.ndlls,keep_current,unknown,787,512,275,0.7685546875,1.0,-0.2314453125,0.038783172625650654,0.028351395170236368,0.010431777455414286,0.33672172808132145,0.130859375,0.20586235308132145,0.013354381773188838,0.0059518730267087636,0.007402508746480074,0.0,0.0,0.0,0.8282982084204537,0.8525194789024727,-0.024221270482019053,59.56289707750953,91.5546875,-31.991790422490467,0.9999573342435362,0.9999786671217681,-2.1332878231916652e-05,0.28895074129104614,0.28996628522872925,-0.0010155439376831055
K1024_ABS_CONTROL,train,pslist.avg_handlers,rank_uniform_offset,unknown,322,512,-190,0.314453125,1.0,-0.685546875,0.05070825155730011,0.015125010666439115,0.035583240890861,0.5652173913043478,0.0,0.5652173913043478,0.0059945387831726255,0.0,0.0059945387831726255,0.0,0.0,0.0,0.7668358088563704,0.957794232611417,-0.19095842375504668,145.5776397515528,91.5546875,54.022952251552795,0.9999573342435362,0.9997440054612168,0.00021332878231938857,0.2895140051841736,0.2899337708950043,-0.0004197657108306885
K1024_ABS_CONTROL,train,psxview.not_in_pspcid_list_false_avg,rank_uniform_offset,unknown,358,512,-154,0.349609375,1.0,-0.650390625,0.44796910999232015,0.4457504906561993,0.0022186193361208306,0.2877094972067039,0.0,0.2877094972067039,0.00445857155047359,0.0,0.00445857155047359,0.0,0.0,0.0,0.5501241762669746,0.5651203929512788,-0.014996216684304176,130.9385474860335,91.5546875,39.383859986033514,0.5545481696390477,0.5545481696390477,0.0,0.33484914898872375,0.31896117329597473,0.015887975692749023
K1024_ABS_CONTROL,train,ldrmodules.not_in_init_avg,rank_uniform_offset,unknown,196,512,-316,0.19140625,1.0,-0.80859375,0.08605683078760987,0.026687430668145745,0.05936940011946412,0.7040816326530612,0.0,0.7040816326530612,0.004373240037545865,0.0,0.004373240037545865,0.0,0.0,0.0,0.6211098683497196,0.9390541473754485,-0.31794427902572886,239.16326530612244,91.5546875,147.60857780612244,0.9999573342435362,0.9997226725829849,0.00023466166055130522,0.291394978761673,0.2903149127960205,0.0010800659656524658
K1024_ABS_CONTROL,train,handles.nhandles,rank_uniform_offset,unknown,371,512,-141,0.3623046875,1.0,-0.6376953125,0.035263247717382026,0.01565833262223739,0.019604915095144636,0.3423180592991914,0.0,0.3423180592991914,0.004309241402850073,0.0,0.004309241402850073,0.0,0.0,0.0,0.7979461354706138,0.9198092477997551,-0.12186311232914138,126.35040431266846,91.5546875,34.79571681266846,0.9999573342435362,0.9981867053502859,0.0017706288932503034,0.288443922996521,0.2909584045410156,-0.002514481544494629
K1024_ABS_CONTROL,train,malfind.uniqueInjections,rank_uniform_offset,unknown,144,512,-368,0.140625,1.0,-0.859375,0.429452171687004,0.4274468811332025,0.0020052905538014976,0.5694444444444444,0.0,0.5694444444444444,0.0038185852035156585,0.0,0.0038185852035156585,0.0,0.0,0.0,0.3843564349356226,0.4081501547524259,-0.023793719816803283,325.52777777777777,91.5546875,233.97309027777777,0.572702449014421,0.5727237818926529,-2.1332878231916652e-05,0.37454840540885925,0.30350589752197266,0.0710425078868866
K1024_ABS_CONTROL,train,handles.nsemaphore,keep_current,unknown,624,512,112,0.609375,1.0,-0.390625,0.038164519156924655,0.03893250277327417,-0.000767983616349513,0.3189102564102564,0.26953125,0.04937900641025639,0.012949057086782149,0.009279802030890008,0.0036692550558921413,0.0,0.0,0.0,0.8012217111358376,0.7992274222335928,0.001994288902244845,75.12179487179488,91.5546875,-16.432892628205124,0.9999573342435362,0.9999786671217681,-2.1332878231916652e-05,0.29273900389671326,0.2876265347003937,0.00511246919631958
K1024_ABS_CONTROL,train,handles.nthread,keep_current,unknown,746,512,234,0.728515625,1.0,-0.271484375,0.012522399522143528,0.016554313507978497,-0.004031913985834969,0.24128686327077747,0.166015625,0.07527123827077747,0.00870381431862787,0.005823875757317177,0.0028799385613106927,0.0,0.0,0.0,0.8879059701383881,0.8934861158109448,-0.005580145672556713,62.83646112600536,91.5546875,-28.71822637399464,0.9994240122877378,0.9980373752026623,0.0013866370850754706,0.2881649136543274,0.2878555655479431,0.00030934810638427734
K1024_ABS_CONTROL,train,handles.avg_handles_per_proc,rank_uniform_offset,unknown,253,512,-259,0.2470703125,1.0,-0.7529296875,0.05538015189009301,0.012181073470432631,0.04319907841966038,0.45454545454545453,0.0,0.45454545454545453,0.0028799385613106922,0.0,0.0028799385613106922,0.0,0.0,0.0,0.7957429124524033,0.9584890477296151,-0.16274613527721182,185.2806324110672,91.5546875,93.72594491106719,0.9999573342435362,0.9999786671217681,-2.1332878231916652e-05,0.291206032037735,0.2884872853755951,0.0027187466621398926
K1024_ABS_CONTROL,train,ldrmodules.not_in_load_avg,rank_uniform_offset,unknown,164,512,-348,0.16015625,1.0,-0.83984375,0.09188070654492704,0.019114258895810223,0.07276644764911681,0.6158536585365854,0.0,0.6158536585365854,0.0027306084136871746,0.0,0.0027306084136871746,0.0,0.0,0.0,0.6863519021384357,0.9261698233703296,-0.23981792123189394,285.8292682926829,91.5546875,194.2745807926829,0.9999573342435362,0.9999786671217681,-2.1332878231916652e-05,0.2983684837818146,0.2888041138648987,0.009564369916915894
K1024_ABS_CONTROL,train,ldrmodules.not_in_mem_avg,rank_uniform_offset,unknown,164,512,-348,0.16015625,1.0,-0.83984375,0.09207270244901442,0.019114258895810223,0.07295844355320419,0.6158536585365854,0.0,0.6158536585365854,0.0027306084136871746,0.0,0.0027306084136871746,0.0,0.0,0.0,0.6862663014179593,0.9256344286247992,-0.23936812720683986,285.8292682926829,91.5546875,194.2745807926829,0.9999573342435362,0.9999786671217681,-2.1332878231916652e-05,0.29833322763442993,0.2889976501464844,0.009335577487945557
K1024_ABS_CONTROL,train,handles.nfile,keep_current,unknown,125,297,-172,0.1220703125,0.580078125,-0.4580078125,0.2914284495264101,0.016660977899138153,0.27476747162727194,0.728,0.0,0.728,0.0022399522143527603,0.0,0.0022399522143527603,0.0,0.0,0.0,0.4993742056073446,0.9654571679022621,-0.4660829622949175,375.008,157.83164983164983,217.17635016835015,0.9999573342435362,0.16148988821571805,0.8384674460278181,0.28552255034446716,0.2009437084197998,0.08457884192466736
K1024_ABS_CONTROL,train,pslist.nproc,discrete_compact_offset0,unknown,105,105,0,0.1025390625,0.205078125,-0.1025390625,0.1704496970731291,0.1704496970731291,0.0,0.47619047619047616,0.47619047619047616,0.0,0.0014933014762351737,0.0014933014762351737,0.0,0.0,0.0,0.0,0.5634949111118889,0.5634949111118889,0.0,446.43809523809523,446.43809523809523,0.0,0.0,0.0,0.0,0.0,0.0,0.0
K1024_ABS_CONTROL,train,pslist.nppid,discrete_compact_offset0,unknown,48,48,0,0.046875,0.09375,-0.046875,0.28150866114856216,0.28150866114856216,0.0,0.5625,0.5625,0.0,0.0010026452769007594,0.0010026452769007594,0.0,0.0,0.0,0.0,0.5190073122926573,0.5190073122926573,0.0,976.5833333333334,976.5833333333334,0.0,0.0,0.0,0.0,0.0,0.0,0.0
K1024_ABS_CONTROL,train,pslist.nprocs64bit,constant,unknown,1,1,0,0.0009765625,0.001953125,-0.0009765625,1.0,1.0,0.0,0.0,0.0,0.0,0.0,0.0,0.0,0.0,0.0,0.0,-1.4428232973175177e-12,-1.4428232973175177e-12,0.0,46876.0,46876.0,0.0,0.0,1.0,-1.0,0.0,0.0,0.0
K1024_ABS_CONTROL,train,handles.nport,constant,unknown,1,1,0,0.0009765625,0.001953125,-0.0009765625,1.0,1.0,0.0,0.0,0.0,0.0,0.0,0.0,0.0,0.0,0.0,0.0,-1.4428232973175177e-12,-1.4428232973175177e-12,0.0,46876.0,46876.0,0.0,0.0,1.0,-1.0,0.0,0.0,0.0
K1024_ABS_CONTROL,train,handles.ndesktop,discrete_compact_offset0,unknown,60,60,0,0.05859375,0.1171875,-0.05859375,0.16539380493216144,0.16539380493216144,0.0,0.16666666666666666,0.16666666666666666,0.0,0.0003839918081747589,0.0003839918081747589,0.0,0.0,0.0,0.0,0.6624280875401419,0.6624280875401419,0.0,781.2666666666667,781.2666666666667,0.0,0.0,0.0,0.0,0.0,0.0,0.0
K1024_ABS_CONTROL,train,handles.ndirectory,discrete_compact_offset0,unknown,104,104,0,0.1015625,0.203125,-0.1015625,0.09985920300366925,0.09985920300366925,0.0,0.20192307692307693,0.20192307692307693,0.0,0.0010026452769007594,0.0010026452769007594,0.0,0.0,0.0,0.0,0.7041268139226854,0.7041268139226854,0.0,450.7307692307692,450.7307692307692,0.0,0.0,0.0,0.0,0.0,0.0,0.0
K1024_ABS_CONTROL,train,handles.ntimer,discrete_compact_offset0,unknown,123,123,0,0.1201171875,0.240234375,-0.1201171875,0.08565150610120317,0.08565150610120317,0.0,0.24390243902439024,0.24390243902439024,0.0,0.0013866370850755185,0.0013866370850755185,0.0,0.0,0.0,0.0,0.7453838702633432,0.7453838702633432,0.0,381.1056910569106,381.1056910569106,0.0,0.0,0.0,0.0,0.0,0.0,0.0
K1024_ABS_CONTROL,train,handles.nmutant,keep_current,unknown,405,405,0,0.3955078125,0.791015625,-0.3955078125,0.0551668231077737,0.0551668231077737,0.0,0.145679012345679,0.145679012345679,0.0,0.00243194811844014,0.00243194811844014,0.0,0.0,0.0,0.0,0.8406808847073096,0.8406808847073096,0.0,115.7432098765432,115.7432098765432,0.0,0.805380151890093,0.9999786671217681,-0.19459851523167504,0.2871685326099396,0.2746540307998657,0.012514501810073853
K1024_ABS_CONTROL,train,ldrmodules.not_in_load,keep_current,unknown,145,145,0,0.1416015625,0.283203125,-0.1416015625,0.07080382285177916,0.07080382285177916,0.0,0.2,0.2,0.0,0.001599965867394829,0.001599965867394829,0.0,0.0,0.0,0.0,0.7895089801002002,0.7895089801002002,0.0,323.28275862068966,323.28275862068966,0.0,0.9999360013653043,0.9738032255311887,0.02613277583411555,0.2886631488800049,0.2882986068725586,0.00036454200744628906
K1024_ABS_CONTROL,train,ldrmodules.not_in_init,keep_current,unknown,180,180,0,0.17578125,0.3515625,-0.17578125,0.05107091048724294,0.05107091048724294,0.0,0.2111111111111111,0.2111111111111111,0.0,0.0020266234320334498,0.0020266234320334498,0.0,0.0,0.0,0.0,0.8092464216563752,0.8092464216563752,0.0,260.4222222222222,260.4222222222222,0.0,0.9686406689990613,0.9982080382285178,-0.029567369229456464,0.3081662654876709,0.2928016483783722,0.015364617109298706
